{"AUC": [[0.8675329122316204, 0.8801813604339933, 0.7556048675648089, 0.8257150693648019, 0.8263154739247616, 0.7651356295172659, 0.8786771894479826, 0.8138039556840571, 0.8587176443572628, 0.8569657158863757], [0.8743472456620688, 0.884154299068257, 0.7779753446161898, 0.8294629302010742, 0.8265600270081915, 0.7738509674051465, 0.8869044630373913, 0.8239010480607653, 0.8439600890488289, 0.872683645021181], [0.8810151789381513, 0.8656587649152322, 0.7733095678822699, 0.8154839032443655, 0.8062465591905916, 0.7611522482331478, 0.8805891080695976, 0.8217465165787949, 0.8339442309587152, 0.8673064267530264], [0.8648010738258971, 0.8777070584411572, 0.7614413655939561, 0.8234876401376883, 0.8269634765693252, 0.7781055636022833, 0.8901592101826856, 0.8227835192565249, 0.8630969659073308, 0.8537425877462381], [0.8670451872955199, 0.8703335795456926, 0.7901386141972372, 0.8089926869224433, 0.8207456197886821, 0.7903957570077533, 0.8865289331813128, 0.8268373393211693, 0.8567370491050282, 0.8571291948341675]], "threshold": [[0.39690208435058594, 0.3750624358654022, 0.3610832393169403, 0.4101135730743408, 0.39394044876098633, 0.2730157673358917, 0.38946524262428284, 0.39403292536735535, 0.3307327330112457, 0.392748087644577], [0.43923938274383545, 0.3539001941680908, 0.32670626044273376, 0.3673493564128876, 0.3604496717453003, 0.2707478106021881, 0.3483569324016571, 0.41089457273483276, 0.3726162612438202, 0.3882637619972229], [0.42438948154449463, 0.39738962054252625, 0.35852116346359253, 0.3678937256336212, 0.4390856623649597, 0.3077825903892517, 0.39985036849975586, 0.3632148504257202, 0.3494223654270172, 0.4027511775493622], [0.41512078046798706, 0.38486096262931824, 0.3435918390750885, 0.38141125440597534, 0.3865290880203247, 0.36204245686531067, 0.42721617221832275, 0.3921761214733124, 0.35497909784317017, 0.36592984199523926], [0.42934906482696533, 0.3738382160663605, 0.35703298449516296, 0.3778567910194397, 0.3983491361141205, 0.2366035282611847, 0.42687222361564636, 0.3961246907711029, 0.34196990728378296, 0.39359572529792786]], "acc": [[0.8496742165684146, 0.8642569035060502, 0.8682904126590133, 0.8378839590443686, 0.8613093391250388, 0.9910021718895439, 0.9039714551659944, 0.8270245113248527, 0.8884579584238287, 0.8029785913744958], [0.8457958423828731, 0.8605336642879305, 0.8336953149239839, 0.8217499224325163, 0.873875271486193, 0.985107043127521, 0.8962147067949116, 0.8008067018305927, 0.8613093391250388, 0.8388147688488985], [0.8653428482780019, 0.8616196090598821, 0.8672044678870617, 0.8242320819112628, 0.8769779708346261, 0.9910021718895439, 0.9061433447098977, 0.8186472230840831, 0.8703071672354948, 0.8250077567483711], [0.8644120384734719, 0.8602233943530871, 0.8509152963077877, 0.8363326093701521, 0.8436239528389698, 0.9925535215637604, 0.9142103630158238, 0.8371082842072604, 0.8923363326093702, 0.8029785913744958], [0.8470369221222463, 0.8782190505739994, 0.8478125969593546, 0.8340055848588271, 0.8765125659323612, 0.9813838039094012, 0.9134346881787155, 0.816009928637915, 0.8665839280173752, 0.8397455786534285]], "Precision": [[0.8678694464286106, 0.8990430342290243, 0.8781916334702377, 0.8697961951799493, 0.8875745077904255, 0.9883414043443202, 0.9131589658079771, 0.8573635263251305, 0.9199487897015776, 0.8589598244515076], [0.8700408949428442, 0.8981763736135405, 0.9038340060253671, 0.8688567011665633, 0.8870582605908013, 0.9870513578375377, 0.9190153804742572, 0.8560793609790937, 0.9153589521627207, 0.8722636756775858], [0.8718553781442439, 0.8925658290302302, 0.8852093950248476, 0.8730439811920342, 0.8829384527094915, 0.9859722791773675, 0.9137785849977995, 0.8573565918321303, 0.9099630723936587, 0.8584393261167165], [0.8646332103471593, 0.8984150210781634, 0.8878368555730571, 0.8627502380195694, 0.8936165214454695, 0.9876802761466658, 0.9154825943726628, 0.8536942762650171, 0.9205387938048926, 0.8672528440123353], [0.8651253812859196, 0.8935053071787787, 0.8877805272522948, 0.860866636418022, 0.8873563024689715, 0.9874807000256084, 0.9223451518607563, 0.8588484792988348, 0.9144829036614589, 0.8589500613178562]], "Recall": [[0.8496742165684146, 0.8642569035060502, 0.8682904126590133, 0.8378839590443686, 0.8613093391250388, 0.9910021718895439, 0.9039714551659944, 0.8270245113248527, 0.8884579584238287, 0.8029785913744958], [0.8457958423828731, 0.8605336642879305, 0.8336953149239839, 0.8217499224325163, 0.873875271486193, 0.985107043127521, 0.8962147067949116, 0.8008067018305927, 0.8613093391250388, 0.8388147688488985], [0.8653428482780019, 0.8616196090598821, 0.8672044678870617, 0.8242320819112628, 0.8769779708346261, 0.9910021718895439, 0.9061433447098977, 0.8186472230840831, 0.8703071672354948, 0.8250077567483711], [0.8644120384734719, 0.8602233943530871, 0.8509152963077877, 0.8363326093701521, 0.8436239528389698, 0.9925535215637604, 0.9142103630158238, 0.8371082842072604, 0.8923363326093702, 0.8029785913744958], [0.8470369221222463, 0.8782190505739994, 0.8478125969593546, 0.8340055848588271, 0.8765125659323612, 0.9813838039094012, 0.9134346881787155, 0.816009928637915, 0.8665839280173752, 0.8397455786534285]], "F0.5": [[0.8630605672119325, 0.8896661814508275, 0.8760631550022526, 0.8617118518916099, 0.8811798302083106, 0.9888199474496563, 0.9110696845345732, 0.8496463932371564, 0.9121583055626852, 0.8422039189368724], [0.8634107904948042, 0.8878805616159825, 0.885689191208374, 0.8560411243012911, 0.88402876446699, 0.9866535160458606, 0.9132952923827772, 0.8407264530530043, 0.9016023892066402, 0.8626528162832107], [0.870324557134238, 0.8846350094926424, 0.881195785391791, 0.8600382058340482, 0.8816729831031306, 0.9865920818867691, 0.912061241629793, 0.8470940813641993, 0.9000735421984072, 0.8490299268222383], [0.8645886861347604, 0.8879163779263191, 0.879075955588877, 0.856096768120436, 0.8806350126056931, 0.9882101453841243, 0.9152206764637597, 0.8497261623721344, 0.9136150356719822, 0.8479032136383041], [0.8604337911993347, 0.8897496017535431, 0.8781242796900697, 0.8542495321833188, 0.8849433885566069, 0.9862216827106304, 0.9202944852190661, 0.8472649646025022, 0.9022387180478736, 0.8539974274331054]], "F0": [[0.8678694464286106, 0.8990430342290243, 0.8781916334702377, 0.8697961951799493, 0.8875745077904255, 0.9883414043443202, 0.9131589658079771, 0.8573635263251305, 0.9199487897015776, 0.8589598244515076], [0.8700408949428442, 0.8981763736135405, 0.9038340060253671, 0.8688567011665633, 0.8870582605908013, 0.9870513578375377, 0.9190153804742572, 0.8560793609790937, 0.9153589521627207, 0.8722636756775858], [0.8718553781442439, 0.8925658290302302, 0.8852093950248476, 0.8730439811920342, 0.8829384527094915, 0.9859722791773675, 0.9137785849977995, 0.8573565918321303, 0.9099630723936587, 0.8584393261167165], [0.8646332103471593, 0.8984150210781634, 0.8878368555730571, 0.8627502380195694, 0.8936165214454695, 0.9876802761466658, 0.9154825943726628, 0.8536942762650171, 0.9205387938048926, 0.8672528440123353], [0.8651253812859196, 0.8935053071787787, 0.8877805272522948, 0.860866636418022, 0.8873563024689715, 0.9874807000256084, 0.9223451518607563, 0.8588484792988348, 0.9144829036614589, 0.8589500613178562]],