{"AUC": [[0.8661909237281343, 0.8746121030016512, 0.7508927148309532, 0.8214928589260139, 0.8227558619266523, 0.7607968234139376, 0.8701361949495265, 0.8122809149758207, 0.8450162285176355, 0.852409068710485], [0.8751385674347859, 0.881673756260928, 0.7647782674197691, 0.8246167889984463, 0.8192061838771518, 0.7481321882075989, 0.8835481624085568, 0.8240090678818861, 0.8418866518501598, 0.8685651120974776], [0.8794256105652271, 0.8674302423297947, 0.7713645836533637, 0.8173394940185844, 0.7800712653942354, 0.734161185975563, 0.8791364367230088, 0.8148601036874017, 0.8401559618822404, 0.8660372433310819], [0.86057495589277, 0.8804552424363875, 0.7543514942720941, 0.8208655588599968, 0.8179492480984054, 0.7488284910965324, 0.8856410615647786, 0.820806111782576, 0.8637857414663155, 0.8538179838669768], [0.871175535034369, 0.8416412136322289, 0.7846679186010246, 0.800510919836723, 0.8209682838869442, 0.7354484394081395, 0.8877556550258294, 0.8150844162636858, 0.8372836134755336, 0.8562577403783456]], "threshold": [[0.5463510155677795, 0.5448721051216125, 0.5062654614448547, 0.5412794947624207, 0.4986596405506134, 0.39903727173805237, 0.5092460513114929, 0.5042691826820374, 0.45390287041664124, 0.5934470295906067], [0.6036151647567749, 0.47490501403808594, 0.47439149022102356, 0.5127727389335632, 0.4909416437149048, 0.40329715609550476, 0.5138959884643555, 0.5381718873977661, 0.5390440821647644, 0.5158310532569885], [0.500426173210144, 0.5612998008728027, 0.46639829874038696, 0.5161469578742981, 0.5550448298454285, 0.3948479890823364, 0.5091164708137512, 0.474439799785614, 0.49793723225593567, 0.5481416583061218], [0.5412794351577759, 0.5190030336380005, 0.46742117404937744, 0.5019197463989258, 0.5321988463401794, 0.47915929555892944, 0.5426765084266663, 0.5082035660743713, 0.4796600639820099, 0.47911038994789124], [0.558894157409668, 0.5171210765838623, 0.4804637134075165, 0.5113259553909302, 0.5077613592147827, 0.4149464964866638, 0.5575577020645142, 0.5625261068344116, 0.46421390771865845, 0.5155083537101746]], "acc": [[0.8490536766987279, 0.8622401489295687, 0.8385044989140552, 0.8271796462922743, 0.8558796152652808, 0.985107043127521, 0.9007136208501396, 0.8166304685076016, 0.8766677008997829, 0.8312131554452373], [0.8668941979522184, 0.8701520322680732, 0.8326093701520323, 0.8369531492398387, 0.8701520322680732, 0.9818492088116662, 0.9004033509152963, 0.8124418243872169, 0.8791498603785293, 0.7970834626124729], [0.8462612472851381, 0.8715482469748681, 0.8352466645982004, 0.8028234564070742, 0.8090288551039404, 0.9820043437790879, 0.9033509152963077, 0.8087185851690971, 0.89419795221843, 0.8433136829041266], [0.8582066397766056, 0.8569655600372323, 0.8098045299410487, 0.8138380390940118, 0.8622401489295687, 0.9927086565311821, 0.9078498293515358, 0.8233012721067329, 0.8914055228048402, 0.8125969593546385], [0.8599131244182439, 0.8879925535215638, 0.8191126279863481, 0.8214396524976729, 0.842227738132175, 0.9874340676388458, 0.9083152342538008, 0.8149239838659634, 0.8741855414210363, 0.8228358672044679]], "Precision": [[0.864289237938431, 0.8929833430796765, 0.8795761162171618, 0.8725790147268845, 0.8872849891667907, 0.9877427973987857, 0.9097312050795316, 0.8568351940418057, 0.9145082774257837, 0.8517221810303163], [0.8721828646813753, 0.8940972182753256, 0.8960727945247131, 0.8644580330509962, 0.8838188808120385, 0.986846654867394, 0.9185806043861634, 0.860375434741168, 0.9136572814254671, 0.8684767403364804], [0.8701716098102364, 0.8886368679690333, 0.8903470934600313, 0.8746696471166449, 0.880497399979821, 0.9854524844557002, 0.915985918300749, 0.8571807682686514, 0.9076793937655434, 0.8559999806485469], [0.8631853791094615, 0.8945425871347573, 0.8912188623151475, 0.8630461089142604, 0.8889847583080295, 0.9886461015194994, 0.9163103062012783, 0.8518141300882839, 0.9206954545541222, 0.8650561506200121], [0.8676130970217717, 0.8871604535311036, 0.8898099992945012, 0.8633236996783998, 0.8936544098908301, 0.9875744433893144, 0.9236497477038865, 0.8547554925372562, 0.9129432467409763, 0.8608407389233966]], "Recall": [[0.8490536766987279, 0.8622401489295687, 0.8385044989140552, 0.8271796462922743, 0.8558796152652808, 0.985107043127521, 0.9007136208501396, 0.8166304685076016, 0.8766677008997829, 0.8312131554452373], [0.8668941979522184, 0.8701520322680732, 0.8326093701520323, 0.8369531492398387, 0.8701520322680732, 0.9818492088116662, 0.9004033509152963, 0.8124418243872169, 0.8791498603785293, 0.7970834626124729], [0.8462612472851381, 0.8715482469748681, 0.8352466645982004, 0.8028234564070742, 0.8090288551039404, 0.9820043437790879, 0.9033509152963077, 0.8087185851690971, 0.89419795221843, 0.8433136829041266], [0.8582066397766056, 0.8569655600372323, 0.8098045299410487, 0.8138380390940118, 0.8622401489295687, 0.9927086565311821, 0.9078498293515358, 0.8233012721067329, 0.8914055228048402, 0.8125969593546385], [0.8599131244182439, 0.8879925535215638, 0.8191126279863481, 0.8214396524976729, 0.842227738132175, 0.9874340676388458, 0.9083152342538008, 0.8149239838659634, 0.8741855414210363, 0.8228358672044679]], "F0.5": [[0.8603968365469389, 0.884969077319816, 0.8696808043883997, 0.8605101602967167, 0.8795093866961533, 0.9872072659856383, 0.9077053953154596, 0.846263678762906, 0.9052262858605161, 0.8464613409450542], [0.8709779508726101, 0.8879429394732967, 0.8802209472255214, 0.8575249774346619, 0.8806948335311454, 0.9858127589367213, 0.9141226754371122, 0.8471559125491186, 0.9052278047453258, 0.8461244873283261], [0.8635372730364868, 0.884569246209354, 0.8766315615782185, 0.8545731054920465, 0.8619669544593554, 0.9847470524639647, 0.912992382740766, 0.8439686358974178, 0.9046285687429853, 0.8528873387034432], [0.8620710401571808, 0.884361954788659, 0.8701916170367779, 0.8496715303373132, 0.8825423919237726, 0.9887791420834224, 0.9143689110961403, 0.8445708600684031, 0.9134784248594014, 0.8497449326528663], [0.8658060147517304, 0.8873237841483154, 0.871669620954893, 0.8523861292793563, 0.8801918313447961, 0.9875463151366091, 0.919921756029051, 0.8441977813481362, 0.9032573240072153, 0.8500392984821332]], "F0": [[0.864289237938431, 0.8929833430796765, 0.8795761162171618, 0.8725790147268845, 0.8872849891667907, 0.9877427973987857, 0.9097312050795316, 0.8568351940418057, 0.9145082774257837, 0.8517221810303163], [0.8721828646813753, 0.8940972182753256, 0.8960727945247131, 0.8644580330509962, 0.8838188808120385, 0.986846654867394, 0.9185806043861634, 0.860375434741168, 0.9136572814254671, 0.8684767403364804], [0.8701716098102364, 0.8886368679690333, 0.8903470934600313, 0.8746696471166449, 0.880497399979821, 0.9854524844557002, 0.915985918300749, 0.8571807682686514, 0.9076793937655434, 0.8559999806485469], [0.8631853791094615, 0.8945425871347573, 0.8912188623151475, 0.8630461089142604, 0.8889847583080295, 0.9886461015194994, 0.9163103062012783, 0.8518141300882839, 0.9206954545541222, 0.8650561506200121], [0.8676130970217717, 0.8871604535311036, 0.8898099992945012, 0.8633236996783998, 0.8936544098908301, 0.9875744433893144, 0.9236497477038865, 0.8547554925372562, 0.9129432467409763, 0.8608407389233966]],