{"AUC": [[0.521477462315768, 0.4983341964661122, 0.5142363381960536, 0.5076576029116137, 0.5297359361863212, 0.49862065375806786, 0.49654591406908166, 0.5038567493112948, 0.49912926186616335, 0.509357387356074], [0.486107875620865, 0.5080722047521977, 0.49369524659658914, 0.5019012532453416, 0.5190358629269151, 0.4911771453651336, 0.47294066862495804, 0.5150573021399077, 0.5000417533407353, 0.489869865858124], [0.5409053200756465, 0.5147277964302858, 0.49030820199289277, 0.48856175634323074, 0.5079400515272497, 0.518859709638351, 0.4669764827378851, 0.510473027669213, 0.5143592612924567, 0.5143378670719105], [0.5460715233749986, 0.4948733881275261, 0.509170589163868, 0.5145274986343891, 0.49524848862537707, 0.5849911959330891, 0.4978745719848315, 0.5019157506614838, 0.47822287492088267, 0.5106595753558513], [0.5523356308032139, 0.5103281032307547, 0.49913909882712026, 0.49443294233710755, 0.4825335261938133, 0.48500468603561386, 0.5194118350857931, 0.505664035595585, 0.5032251639944306, 0.48962689873388454]], "threshold": [[0.9995536208152771, 0.9994710087776184, 0.99933260679245, 0.00044282019371166825, 0.00041800696635618806, 0.000535581901203841, 0.9993571639060974, 0.00031220033997669816, 0.00031787646003067493, 0.00031476488220505416], [0.00012228717969264835, 0.9996577501296997, 0.9997856020927429, 0.999582827091217, 0.0002818595967255533, 0.0007243678555823863, 0.999565064907074, 0.999619722366333, 0.0003293837362434715, 0.0003329024475533515], [0.9991505146026611, 0.9994014501571655, 0.9995180368423462, 0.9995126724243164, 0.0001234535448020324, 0.00036714249290525913, 0.9994344115257263, 0.0002724926744122058, 0.9996575117111206, 0.9994807839393616], [0.9999357461929321, 0.9994484782218933, 0.9996405839920044, 0.00026918385992757976, 0.9995001554489136, 0.0003912577230948955, 0.00034816120751202106, 0.00031931043486110866, 0.00039989108336158097, 0.9994394183158875], [0.9994569420814514, 0.00027420776314102113, 0.9994868040084839, 0.9995330572128296, 0.9995070695877075, 0.0008808852289803326, 0.00022634523338638246, 0.9995892643928528, 0.9992055296897888, 0.00018229497072752565]], "acc": [[0.1599441514117282, 0.3518461061123177, 0.10719826248836488, 0.16289171579273967, 0.2883959044368601, 0.7401489295687248, 0.17204467887061745, 0.15622091219360845, 0.07849829351535836, 0.163201985727583], [0.15234253800806702, 0.11836798014272416, 0.33338504498914057, 0.2882407694694384, 0.3616196090598821, 0.9906919019547006, 0.1337263419174682, 0.16134036611852312, 0.1020788085634502, 0.1549798324542352], [0.15854793670493328, 0.19066087496121625, 0.08454855724480298, 0.15792739683524668, 0.2506981073533975, 0.9847967731926777, 0.09804529941048712, 0.14908470369221222, 0.6825938566552902, 0.18104250698107355], [0.4723859757989451, 0.13326093701520322, 0.16196090598820975, 0.14427551970214086, 0.21734408935774124, 0.790722928948185, 0.22432516289171578, 0.1509463233012721, 0.3034439962767608, 0.14784362395283898], [0.31616506360533664, 0.3146137139311201, 0.1189885200124108, 0.14799875892026063, 0.19795221843003413, 0.9903816320198573, 0.4443065466956252, 0.17607818802358052, 0.079118833385045, 0.1545144275519702]], "Precision": [[0.6196591186104896, 0.8134652376530055, 0.8787779717402624, 0.8067999120624569, 0.8495626948955866, 0.986266357852332, 0.8704747219254937, 0.7827360042748523, 0.8490411591085899, 0.6491930362429651], [0.3057198067456045, 0.821048147726609, 0.8609225737574757, 0.7865097301838887, 0.8422271140895077, 0.9854558496204149, 0.8728230650015494, 0.7744096515946939, 0.8716568443801839, 0.6660567807435747], [0.8666993705780817, 0.8287361969205939, 0.8764848224700061, 0.7938701683609062, 0.8518770428947029, 0.9841811790228433, 0.8530295204621943, 0.8077258451011823, 0.8652723892894324, 0.714481467100301], [0.7568476107101932, 0.7977503576596914, 0.863080753730519, 0.7955154157738727, 0.8366636786322297, 0.9868280765004018, 0.8526052544313955, 0.793642118760203, 0.8725714420529971, 0.6315837538764016], [0.7538830042764907, 0.8084222057242708, 0.8765839858903658, 0.825538679816489, 0.8372743634932716, 0.9863757324503931, 0.8720213809775045, 0.801145459066435, 0.8942955157378502, 0.5877453684295862]], "Recall": [[0.1599441514117282, 0.3518461061123177, 0.10719826248836488, 0.16289171579273967, 0.2883959044368601, 0.7401489295687248, 0.17204467887061745, 0.15622091219360845, 0.07849829351535836, 0.163201985727583], [0.15234253800806702, 0.11836798014272416, 0.33338504498914057, 0.2882407694694384, 0.3616196090598821, 0.9906919019547006, 0.1337263419174682, 0.16134036611852312, 0.1020788085634502, 0.1549798324542352], [0.15854793670493328, 0.19066087496121625, 0.08454855724480298, 0.15792739683524668, 0.2506981073533975, 0.9847967731926777, 0.09804529941048712, 0.14908470369221222, 0.6825938566552902, 0.18104250698107355], [0.4723859757989451, 0.13326093701520322, 0.16196090598820975, 0.14427551970214086, 0.21734408935774124, 0.790722928948185, 0.22432516289171578, 0.1509463233012721, 0.30344399627676083, 0.14784362395283898], [0.31616506360533664, 0.3146137139311201, 0.1189885200124108, 0.14799875892026063, 0.19795221843003413, 0.9903816320198573, 0.4443065466956252, 0.17607818802358052, 0.079118833385045, 0.1545144275519702]], "F0.5": [[0.05623034122376328, 0.5970116551986748, 0.10061286471159331, 0.22525111467235026, 0.5356765062549543, 0.9244405203935795, 0.3479923119104586, 0.15274773000522007, 0.06214719952862321, 0.08422399159623822], [0.02873140645819852, 0.07117911182156349, 0.6129574849562661, 0.4966417955562595, 0.6160329630795737, 0.9864986275883305, 0.24298226103758616, 0.15578919291663113, 0.15903793774861757, 0.04468944110580002], [0.03094544223276115, 0.348760486089587, 0.02201183432766329, 0.21706626430762757, 0.4848096538436734, 0.9843042362800746, 0.0979717787782707, 0.10211389199665351, 0.8172749350650228, 0.15361509279042496], [0.6454166342189088, 0.14001570561176074, 0.31796229055979974, 0.1078418356202036, 0.42791077901978064, 0.9397388865503999, 0.4581000867687022, 0.09774650842962976, 0.5915900736115481, 0.047794129683445596], [0.49967463763482217, 0.550781763796688, 0.16819306968952966, 0.1466244559320281, 0.384232357456632, 0.987174317772798, 0.7084014417779257, 0.21108821201676672, 0.04100746091257465, 0.03604338886688911]], "F0": [[0.6196591186104896, 0.8134652376530055, 0.8787779717402624, 0.8067999120624569, 0.8495626948955866, 0.986266357852332, 0.8704747219254937, 0.7827360042748523, 0.8490411591085899, 0.6491930362429651], [0.3057198067456045, 0.821048147726609, 0.8609225737574757, 0.7865097301838887, 0.8422271140895077, 0.9854558496204149, 0.8728230650015494, 0.7744096515946939, 0.8716568443801839, 0.6660567807435747], [0.8666993705780817, 0.8287361969205939, 0.8764848224700061, 0.7938701683609062, 0.8518770428947029, 0.9841811790228433, 0.8530295204621943, 0.8077258451011823, 0.8652723892894324, 0.714481467100301], [0.7568476107101932, 0.7977503576596914, 0.863080753730519, 0.7955154157738727, 0.8366636786322297, 0.9868280765004018, 0.8526052544313955, 0.793642118760203, 0.8725714420529971, 0.6315837538764016], [0.7538830042764907, 0.8084222057242708, 0.8765839858903658, 0.825538679816489, 0.8372743634932716, 0.9863757324503931, 0.8720213809775045, 0.801145459066435, 0.8942955157378502, 0.5877453684295862]],