{"AUC": {"mean": 0.8488186995814166, "SD": 0.03876826043719838}, "threshold": {"mean": 0.25395496681332586, "SD": 0.06260423535506608}, "acc": {"mean": 0.8798603785293205, "SD": 0.04530773058891664}, "Precision": {"mean": 0.8987372502885713, "SD": 0.03496672651913419}, "Recall": {"mean": 0.8798603785293205, "SD": 0.04530773058891664}, "F0.5": {"mean": 0.8938517060736408, "SD": 0.03720109683960547}, "F0": {"mean": 0.8987372502885713, "SD": 0.03496672651913419}, "F1": {"mean": 0.8874343758359248, "SD": 0.04074167943368131}}