{"AUC": {"mean": 0.8619450053144255, "SD": 0.041161855185706676}, "threshold": {"mean": 0.510050043463707, "SD": 0.050645819008835746}, "acc": {"mean": 0.887558175612783, "SD": 0.039653128890041064}, "Precision": {"mean": 0.9033039721864838, "SD": 0.033566434859171754}, "Recall": {"mean": 0.887558175612783, "SD": 0.039653128890041064}, "F0.5": {"mean": 0.8992959879590491, "SD": 0.03479239324433136}, "F0": {"mean": 0.9033039721864838, "SD": 0.033566434859171754}, "F1": {"mean": 0.8939941055873577, "SD": 0.036828149802379424}}