{"AUC": {"mean": 0.8353214960953602, "SD": 0.03918449891702881}, "threshold": {"mean": 0.3742274326086044, "SD": 0.0409566046570074}, "acc": {"mean": 0.8682935153583619, "SD": 0.04832678580539221}, "Precision": {"mean": 0.8947549452730216, "SD": 0.03702680721244893}, "Recall": {"mean": 0.8682935153583619, "SD": 0.04832678580539221}, "F0.5": {"mean": 0.8878156810940903, "SD": 0.039545393886788446}, "F0": {"mean": 0.8947549452730216, "SD": 0.03702680721244893}, "F1": {"mean": 0.878749260457999, "SD": 0.04347542270061057}}