{"AUC": {"mean": 0.8283198038371544, "SD": 0.04460448484193993}, "threshold": {"mean": 0.5065789288282394, "SD": 0.044695223941758705}, "acc": {"mean": 0.8630933912503878, "SD": 0.05086073112529301}, "Precision": {"mean": 0.8937453038891505, "SD": 0.03718291791983279}, "Recall": {"mean": 0.8630933912503878, "SD": 0.05086073112529301}, "F0.5": {"mean": 0.885727165989233, "SD": 0.04022452296212035}, "F0": {"mean": 0.8937453038891505, "SD": 0.03718291791983279}, "F1": {"mean": 0.8752285694156032, "SD": 0.04501256647617142}}