{"AUC": [[0.8943816070348757, 0.9008524504425051, 0.76048747418147, 0.8538175042185736, 0.8443622745265353, 0.8006305582820261, 0.8982403962034895, 0.8578132862540404, 0.8775395259513475, 0.8891603273981061], [0.8981607331965397, 0.9042406885271479, 0.8044177221900164, 0.8468295950414538, 0.8488415135876821, 0.7943162661719085, 0.9147590624329203, 0.86416662398197, 0.8742662739730644, 0.8899262978807012], [0.8962230035611605, 0.8948046524036949, 0.7953686173154321, 0.8373488565448942, 0.836852531785493, 0.7887504024283677, 0.9057842137600167, 0.8635526760213559, 0.8549712849964107, 0.8862610150436706], [0.8788914639493973, 0.8972372102019289, 0.7920186045971097, 0.8414092237260801, 0.8381906021036938, 0.7895224503706229, 0.9049145357776617, 0.8491192467252474, 0.8712808127628084, 0.869883373748371], [0.8921800436422526, 0.8954662175201166, 0.8112413717506948, 0.8389301456279924, 0.8402051386501148, 0.8118308199142314, 0.9097247441690244, 0.858517907060806, 0.8761533437639053, 0.8827019712703053]], "threshold": [[0.2669236660003662, 0.2293810248374939, 0.25918686389923096, 0.22007210552692413, 0.18641501665115356, 0.07916173338890076, 0.25012117624282837, 0.22055590152740479, 0.21338695287704468, 0.246018648147583], [0.19855639338493347, 0.2663477659225464, 0.18551909923553467, 0.2257300764322281, 0.23825319111347198, 0.06887932866811752, 0.4009151756763458, 0.2714768052101135, 0.18443617224693298, 0.27208179235458374], [0.3775593638420105, 0.1689813733100891, 0.2086227685213089, 0.2947829067707062, 0.23101598024368286, 0.06676650047302246, 0.23191770911216736, 0.33864516019821167, 0.1563843935728073, 0.19612550735473633], [0.32108962535858154, 0.30608469247817993, 0.15786112844944, 0.19265277683734894, 0.22784824669361115, 0.050685007125139236, 0.25618216395378113, 0.18808649480342865, 0.1624927967786789, 0.2732766568660736], [0.32042795419692993, 0.2592930197715759, 0.17888402938842773, 0.2457391619682312, 0.23301763832569122, 0.07529067248106003, 0.2012086659669876, 0.36195075511932373, 0.16941390931606293, 0.2482927441596985]], "acc": [[0.873409866583928, 0.8772882407694694, 0.8727893267142414, 0.8302823456407075, 0.8779087806391561, 0.9897610921501706, 0.920881166614955, 0.8335401799565622, 0.8974557865342848, 0.8510704312752094], [0.8597579894508223, 0.8775985107043127, 0.8748060812907229, 0.8445547626434998, 0.8828730995966491, 0.988675147378219, 0.931275209432206, 0.857586099906919, 0.8990071362085014, 0.86704933291964], [0.8749612162581446, 0.8623952838969904, 0.8664287930499535, 0.8572758299720757, 0.8805460750853242, 0.9868135277691592, 0.9154514427551971, 0.8768228358672044, 0.869376357430965, 0.8473471920570896], [0.8653428482780019, 0.8834936394663357, 0.8296618057710208, 0.8279553211293825, 0.8757368910952529, 0.9829351535836177, 0.911417933602234, 0.8507601613403661, 0.9062984796773192, 0.8419174681973317], [0.8617747440273038, 0.8844244492708656, 0.8715482469748681, 0.8465715172199814, 0.8752714861929879, 0.990071362085014, 0.9190195470058952, 0.8763574309649395, 0.8991622711759231, 0.8596028544834006]], "Precision": [[0.8808197530086218, 0.9037237263926403, 0.8813599264722222, 0.8831877737815315, 0.891955556592366, 0.988709685701486, 0.9228718046104255, 0.8730900503487787, 0.9209644644112424, 0.8734143829495709], [0.8842007612309053, 0.902549625849194, 0.8960685591819862, 0.873564625589659, 0.8940103575524123, 0.9872168558269893, 0.9308350763313854, 0.8721910691674559, 0.9223443864064164, 0.8693568449376635], [0.8815360642903328, 0.9054962675887216, 0.8938258025534972, 0.8771104909047257, 0.8980065167871171, 0.9849183396707378, 0.9221469120680633, 0.8737193402997726, 0.9135363491128138, 0.8675379835345585], [0.8747826057851951, 0.9010513594965307, 0.8952909082511329, 0.8717361459501856, 0.895333797214901, 0.9873084167640771, 0.9256183595642572, 0.8655439994739182, 0.924329063867976, 0.8724501981247209], [0.8767219859436559, 0.8992865563410333, 0.8967980452053216, 0.8744045729926803, 0.8928817839661877, 0.9876189693372558, 0.9296636624505151, 0.8671588976658211, 0.9156119168560722, 0.8688952653868495]], "Recall": [[0.873409866583928, 0.8772882407694694, 0.8727893267142414, 0.8302823456407075, 0.8779087806391561, 0.9897610921501706, 0.920881166614955, 0.8335401799565622, 0.8974557865342848, 0.8510704312752094], [0.8597579894508223, 0.8775985107043127, 0.8748060812907229, 0.8445547626434998, 0.8828730995966491, 0.988675147378219, 0.931275209432206, 0.857586099906919, 0.8990071362085014, 0.86704933291964], [0.8749612162581446, 0.8623952838969904, 0.8664287930499535, 0.8572758299720757, 0.8805460750853242, 0.9868135277691592, 0.9154514427551971, 0.8768228358672044, 0.869376357430965, 0.8473471920570896], [0.8653428482780019, 0.8834936394663357, 0.8296618057710208, 0.8279553211293825, 0.8757368910952529, 0.9829351535836177, 0.911417933602234, 0.8507601613403661, 0.9062984796773192, 0.8419174681973317], [0.8617747440273038, 0.8844244492708656, 0.8715482469748681, 0.8465715172199814, 0.8752714861929879, 0.990071362085014, 0.9190195470058952, 0.8763574309649395, 0.8991622711759231, 0.8596028544834006]], "F0.5": [[0.8790172156057139, 0.8966832878577833, 0.879521909392795, 0.8684365968050586, 0.8886923117038611, 0.9889131583885853, 0.9224522445595157, 0.8622389042185347, 0.9152574798348762, 0.8672631254236515], [0.8772215385789797, 0.8959142585645539, 0.8912224230008431, 0.8660142075200472, 0.8914415609135848, 0.9874971285829703, 0.9309215335338503, 0.8686021866331946, 0.916614116195008, 0.8688651755775777], [0.8799517030218357, 0.8935650650279732, 0.8873444600785461, 0.8722757686602458, 0.893837435245965, 0.9852912894362115, 0.9206161798682133, 0.8742846471509974, 0.9022733233263948, 0.8621034370537278], [0.8724593045227029, 0.8965751813851179, 0.8784788168765625, 0.859721509075413, 0.8906561319252313, 0.9864125256407085, 0.9220605597807581, 0.861951905938954, 0.9199902606858793, 0.8639637766737324], [0.872816929049978, 0.8955759925809653, 0.8907664674304308, 0.8672559275257805, 0.8887350762480186, 0.988076852990418, 0.9270960780786351, 0.8684161391333758, 0.9117437197056656, 0.8666549986882319]], "F0": [[0.8808197530086218, 0.9037237263926403, 0.8813599264722222, 0.8831877737815315, 0.891955556592366, 0.988709685701486, 0.9228718046104255, 0.8730900503487787, 0.9209644644112424, 0.8734143829495709], [0.8842007612309053, 0.902549625849194, 0.8960685591819862, 0.873564625589659, 0.8940103575524123, 0.9872168558269893, 0.9308350763313854, 0.8721910691674559, 0.9223443864064164, 0.8693568449376635], [0.8815360642903328, 0.9054962675887216, 0.8938258025534972, 0.8771104909047257, 0.8980065167871171, 0.9849183396707378, 0.9221469120680633, 0.8737193402997726, 0.9135363491128138, 0.8675379835345585], [0.8747826057851951, 0.9010513594965307, 0.8952909082511329, 0.8717361459501856, 0.895333797214901, 0.9873084167640771, 0.9256183595642572, 0.8655439994739182, 0.924329063867976, 0.8724501981247209], [0.8767219859436559, 0.8992865563410333, 0.8967980452053216, 0.8744045729926803, 0.8928817839661877, 0.9876189693372558, 0.9296636624505151, 0.8671588976658211, 0.9156119168560722, 0.8688952653868495]],