{"AUC": {"mean": 0.505991150666121, "SD": 0.020050569214638457}, "threshold": {"mean": 0.5399002095000469, "SD": 0.49797683543740123}, "acc": {"mean": 0.2760347502327024, "SD": 0.23813223652068363}, "Precision": {"mean": 0.8153107587680068, "SD": 0.11431600947444036}, "Recall": {"mean": 0.2760347502327024, "SD": 0.23813223652068363}, "F0.5": {"mean": 0.3453417221881374, "SD": 0.296399905406066}, "F0": {"mean": 0.8153107587680068, "SD": 0.11431600947444036}, "F1": {"mean": 0.2622985930933153, "SD": 0.27947739437619346}}