{"AUC": {"mean": 0.8585309332533848, "SD": 0.03887166715882028}, "threshold": {"mean": 0.22367997385561467, "SD": 0.0756414838132607}, "acc": {"mean": 0.8840862550418865, "SD": 0.04168868510145493}, "Precision": {"mean": 0.9018551172758316, "SD": 0.034032804404764666}, "Recall": {"mean": 0.8840862550418865, "SD": 0.04168868510145493}, "F0.5": {"mean": 0.8972748365139531, "SD": 0.03563268562300955}, "F0": {"mean": 0.9018551172758316, "SD": 0.034032804404764666}, "F1": {"mean": 0.8912452971949176, "SD": 0.038216810135029734}}