{"AUC": [[0.8763658485053802, 0.8796472008860358, 0.7568116511508777, 0.8160202097367871, 0.8224523258780865, 0.742850450611225, 0.8841612577218628, 0.8140540644269887, 0.8564552103956955, 0.8679279941219692], [0.8437795442157907, 0.8480002528325142, 0.7490698227199584, 0.7915297687743789, 0.7981567832028154, 0.8062130718563073, 0.8421770394665236, 0.7710892693977162, 0.8190668596432431, 0.840743176060468], [0.8725676913841584, 0.8557348666148004, 0.7747756267473656, 0.8056022689236788, 0.7933216869611206, 0.7661469591746003, 0.872202177863184, 0.8037901056272951, 0.8337021240657065, 0.8536224989753447], [0.8232935304996181, 0.8473936617794554, 0.7521895879206995, 0.7735123511917664, 0.7974545422777202, 0.7382281105336401, 0.8469428733113837, 0.764468118119753, 0.825111433636035, 0.8144236563334198], [0.872744858787841, 0.8821302076440188, 0.7873878763380323, 0.8201464878220968, 0.8246249807254591, 0.7660674221124081, 0.884568500767141, 0.8210636211009069, 0.8499779307276042, 0.8598904346265798]], "threshold": [[0.42726895213127136, 0.3349315822124481, 0.2926536500453949, 0.30337071418762207, 0.33488115668296814, 0.1587124466896057, 0.3428210914134979, 0.3789428472518921, 0.2636590898036957, 0.32507795095443726], [0.34315988421440125, 0.3429292142391205, 0.2809999883174896, 0.3310851454734802, 0.33903294801712036, 0.18312682211399078, 0.3057253062725067, 0.33584335446357727, 0.32859450578689575, 0.36376869678497314], [0.3944624960422516, 0.3605882525444031, 0.31407085061073303, 0.29042577743530273, 0.3908747434616089, 0.3130434453487396, 0.43631869554519653, 0.3190891742706299, 0.3187920153141022, 0.35316404700279236], [0.3632298409938812, 0.3532402515411377, 0.29740577936172485, 0.34033307433128357, 0.36136436462402344, 0.17519071698188782, 0.3321973979473114, 0.30062487721443176, 0.3117222189903259, 0.33301329612731934], [0.39255356788635254, 0.3866853415966034, 0.32580506801605225, 0.3732333779335022, 0.317924439907074, 0.24145857989788055, 0.3309851884841919, 0.35213032364845276, 0.32637321949005127, 0.37358561158180237]], "acc": [[0.8654979832454235, 0.8504498914055229, 0.8450201675457648, 0.8018926466025442, 0.8302823456407075, 0.9711448960595719, 0.9031957803288861, 0.827334781259696, 0.8775985107043127, 0.8079429103319888], [0.8442444927086565, 0.8189574930189265, 0.8215947874650946, 0.8025131864722308, 0.8488985417313062, 0.9857275829972075, 0.8594477195159789, 0.7420105491777846, 0.8803909401179025, 0.788861309339125], [0.8423828730995967, 0.8540179956562209, 0.857120695004654, 0.7908780639156066, 0.8288861309339125, 0.9916227117592306, 0.910952528699969, 0.8070121005274589, 0.8969903816320198, 0.8074775054297239], [0.8290412659013342, 0.8456407074154515, 0.8239218119764194, 0.7908780639156066, 0.8572758299720757, 0.9871237977040025, 0.8651877133105802, 0.7323921811976419, 0.8808563450201675, 0.7598510704312752], [0.8443996276760782, 0.8771331058020477, 0.8366428793049954, 0.8440893577412348, 0.8769779708346261, 0.989605957182749, 0.8862860688799256, 0.8324542351846106, 0.8724790567793981, 0.8296618057710208]], "Precision": [[0.8691163249130829, 0.8985057397261557, 0.8764048888357712, 0.8704082684910623, 0.8885261794093633, 0.9878537111775484, 0.9151999528481239, 0.8593100752294649, 0.9184832116315714, 0.8682534391930611], [0.858080053156811, 0.8877393272723353, 0.892451585768097, 0.8558690338492602, 0.8826876613624846, 0.9871056772609459, 0.9026410089812902, 0.8376198344199854, 0.9052730911247044, 0.8510018196190019], [0.8641541553853559, 0.8886149896713252, 0.8864495469759858, 0.8687026237011956, 0.8834965771768323, 0.9859691417016424, 0.9071552586511302, 0.8492070062978486, 0.9070860936659699, 0.8561806236228258], [0.8469469372990784, 0.8792486090453904, 0.8869559371977263, 0.845263701268281, 0.8843256964519424, 0.9869768959126864, 0.9028930607817165, 0.8368396424249542, 0.9085164213921105, 0.8516186287492433], [0.8711906178567007, 0.8949278058251888, 0.8915100135124313, 0.8677430638006295, 0.8823692613958293, 0.9878620042461105, 0.9201221792646601, 0.8575485411436302, 0.9124086628284237, 0.8592500432372403]], "Recall": [[0.8654979832454235, 0.8504498914055229, 0.8450201675457648, 0.8018926466025442, 0.8302823456407075, 0.9711448960595719, 0.9031957803288861, 0.827334781259696, 0.8775985107043127, 0.8079429103319888], [0.8442444927086565, 0.8189574930189265, 0.8215947874650946, 0.8025131864722308, 0.8488985417313062, 0.9857275829972075, 0.8594477195159789, 0.7420105491777846, 0.8803909401179025, 0.788861309339125], [0.8423828730995967, 0.8540179956562209, 0.857120695004654, 0.7908780639156066, 0.8288861309339125, 0.9916227117592306, 0.910952528699969, 0.8070121005274589, 0.8969903816320198, 0.8074775054297239], [0.8290412659013342, 0.8456407074154515, 0.8239218119764194, 0.7908780639156066, 0.8572758299720757, 0.9871237977040025, 0.8651877133105802, 0.7323921811976419, 0.8808563450201675, 0.7598510704312752], [0.8443996276760782, 0.8771331058020477, 0.8366428793049954, 0.8440893577412348, 0.8769779708346261, 0.989605957182749, 0.8862860688799256, 0.8324542351846106, 0.8724790567793981, 0.8296618057710208]], "F0.5": [[0.8683186901713549, 0.8851535858042171, 0.8690952195288268, 0.8514202411211306, 0.8731313585491836, 0.9843861109600831, 0.9123853932060783, 0.8510821931140151, 0.9082301360078824, 0.8496218346727151], [0.8546784786451935, 0.8683784617470851, 0.874782434640939, 0.8416338602237691, 0.8742870428359825, 0.9868249219725245, 0.8918998765942427, 0.8101350557224382, 0.899535159871193, 0.8326438705241714], [0.8582908300250205, 0.879761604143976, 0.8796325299035598, 0.8470638252867458, 0.8695995108791853, 0.9863519995951452, 0.9078531779457002, 0.8381335537543494, 0.9048534808170737, 0.8418355401503846], [0.8424871413383768, 0.87067761914737, 0.8712962833755795, 0.830963135325464, 0.877896706438641, 0.9870062456953302, 0.8934553250087549, 0.8062194413254022, 0.9020580731495176, 0.8236275661825698], [0.863737727884029, 0.8904598947611443, 0.8776946869852299, 0.8618927778476285, 0.8812302174790129, 0.9881940354815755, 0.9114431885123024, 0.8512235936770287, 0.9024272350391959, 0.8511538466738935]], "F0": [[0.8691163249130829, 0.8985057397261557, 0.8764048888357712, 0.8704082684910623, 0.8885261794093633, 0.9878537111775484, 0.9151999528481239, 0.8593100752294649, 0.9184832116315714, 0.8682534391930611], [0.858080053156811, 0.8877393272723353, 0.892451585768097, 0.8558690338492602, 0.8826876613624846, 0.9871056772609459, 0.9026410089812902, 0.8376198344199854, 0.9052730911247044, 0.8510018196190019], [0.8641541553853559, 0.8886149896713252, 0.8864495469759858, 0.8687026237011956, 0.8834965771768323, 0.9859691417016424, 0.9071552586511302, 0.8492070062978486, 0.9070860936659699, 0.8561806236228258], [0.8469469372990784, 0.8792486090453904, 0.8869559371977263, 0.845263701268281, 0.8843256964519424, 0.9869768959126864, 0.9028930607817165, 0.8368396424249542, 0.9085164213921105, 0.8516186287492433], [0.8711906178567007, 0.8949278058251888, 0.8915100135124313, 0.8677430638006295, 0.8823692613958293, 0.9878620042461105, 0.9201221792646601, 0.8575485411436302, 0.9124086628284237, 0.8592500432372403]],