{"AUC": [[0.8837819377964287, 0.8900900392768144, 0.7608358579945712, 0.8467193667728428, 0.8391621456945147, 0.7686081615656881, 0.8941565260972999, 0.8476428370391218, 0.8681542903036749, 0.8753635271704938], [0.8853010793595462, 0.8971746719009017, 0.7878662268438953, 0.8417329284867208, 0.8363125025781534, 0.8003245187911674, 0.9019424421400394, 0.84317824881488, 0.8568459563855464, 0.8795311211533938], [0.884983006630348, 0.882251723302504, 0.7912672688357041, 0.8363289844041276, 0.8296653040700169, 0.7899553879409464, 0.8914668222283227, 0.8408241483587064, 0.8389510578100586, 0.8740579666222168], [0.8749866175070873, 0.8894634834989322, 0.7920754204128251, 0.8371749629334189, 0.8361993150764713, 0.7805124818948623, 0.8968525006545117, 0.8490504442557084, 0.8725566346755087, 0.870119653740647], [0.8802904323440891, 0.8841759390635502, 0.8083497677200064, 0.8232097441327939, 0.8357360343006276, 0.7676613842265201, 0.904064791745844, 0.8463318463863252, 0.8602037191209612, 0.8674437490114976]], "threshold": [[0.23267428576946259, 0.17700637876987457, 0.35554659366607666, 0.24045385420322418, 0.3430482745170593, 0.1637258380651474, 0.28064417839050293, 0.2576039731502533, 0.23932544887065887, 0.23887664079666138], [0.25191730260849, 0.24954847991466522, 0.25322508811950684, 0.23730283975601196, 0.34096023440361023, 0.10213710367679596, 0.3269149363040924, 0.19571582973003387, 0.22443516552448273, 0.2647039592266083], [0.2394115924835205, 0.2593768239021301, 0.2956487536430359, 0.3319074511528015, 0.3207041323184967, 0.13968348503112793, 0.28035667538642883, 0.22329454123973846, 0.25315073132514954, 0.2781016230583191], [0.20574836432933807, 0.3110521137714386, 0.2506442666053772, 0.20268994569778442, 0.32467979192733765, 0.21211133897304535, 0.3875797688961029, 0.1698220819234848, 0.22420340776443481, 0.19615212082862854], [0.23597536981105804, 0.31650644540786743, 0.3041597008705139, 0.26150137186050415, 0.34446802735328674, 0.0932968482375145, 0.3298855721950531, 0.28258875012397766, 0.22878716886043549, 0.21849367022514343]], "acc": [[0.8696866273658083, 0.8527769159168477, 0.8639466335712069, 0.8110456096804219, 0.868445547626435, 0.988675147378219, 0.9149860378529321, 0.8321439652497673, 0.9062984796773192, 0.8512255662426311], [0.8746509463233013, 0.8808563450201675, 0.853087185851691, 0.8377288240769469, 0.8852001241079739, 0.9860378529320509, 0.9197952218430034, 0.8406763884579584, 0.9118833385044989, 0.8453304374806081], [0.8544834005584859, 0.8659633881476885, 0.8515358361774744, 0.8479677319267763, 0.8834936394663357, 0.9892956872479057, 0.9107973937325473, 0.8350915296307788, 0.8988520012410798, 0.8488985417313062], [0.8586720446788706, 0.879770400248216, 0.8278001861619609, 0.8281104560968042, 0.8664287930499535, 0.9923983865963388, 0.9157617126900404, 0.8316785603475023, 0.910021718895439, 0.8336953149239839], [0.8613093391250388, 0.8968352466645982, 0.8748060812907229, 0.8631709587340987, 0.8869066087496121, 0.9857275829972075, 0.9210363015823767, 0.8504498914055229, 0.8873720136518771, 0.8402109835556935]], "Precision": [[0.8757544671563685, 0.9024768787884336, 0.880520464654821, 0.8806706467529535, 0.8885372846829744, 0.9879670852263254, 0.9181821140248246, 0.8704559646597015, 0.9194424143327596, 0.864806508664197], [0.8807046667920503, 0.9012152383369851, 0.9006997821244439, 0.8715668838705468, 0.887452422745236, 0.9871355802909508, 0.9240144051223845, 0.8641447913570779, 0.9127964551355612, 0.8651937000542004], [0.8740775724567327, 0.9021331316026182, 0.8932979998454066, 0.876022792354033, 0.8922543551709126, 0.9852400815047823, 0.9207918557511989, 0.8680768595181722, 0.9087950100303855, 0.861372102637465], [0.8718822724272001, 0.8958564212210787, 0.8936270200478789, 0.8692181535305188, 0.8955569517911343, 0.9875167239129485, 0.9223535948970042, 0.8649403307065149, 0.9192508804178047, 0.8758043239097855], [0.8734676176358228, 0.894493971970337, 0.8910459373361721, 0.8684643767311299, 0.892570333726094, 0.9874445764461627, 0.9290824634539867, 0.8634097539343042, 0.9120095434861959, 0.8630677512019975]], "Recall": [[0.8696866273658083, 0.8527769159168477, 0.8639466335712069, 0.8110456096804219, 0.868445547626435, 0.988675147378219, 0.9149860378529321, 0.8321439652497673, 0.9062984796773192, 0.8512255662426311], [0.8746509463233013, 0.8808563450201675, 0.853087185851691, 0.8377288240769469, 0.8852001241079739, 0.9860378529320509, 0.9197952218430034, 0.8406763884579584, 0.9118833385044989, 0.8453304374806081], [0.8544834005584859, 0.8659633881476885, 0.8515358361774744, 0.8479677319267763, 0.8834936394663357, 0.9892956872479057, 0.9107973937325473, 0.8350915296307788, 0.8988520012410798, 0.8488985417313062], [0.8586720446788706, 0.879770400248216, 0.8278001861619609, 0.8281104560968042, 0.8664287930499535, 0.9923983865963388, 0.9157617126900404, 0.8316785603475023, 0.910021718895439, 0.8336953149239839], [0.8613093391250388, 0.8968352466645982, 0.8748060812907229, 0.8631709587340987, 0.8869066087496121, 0.9857275829972075, 0.9210363015823767, 0.8504498914055229, 0.8873720136518771, 0.8402109835556935]], "F0.5": [[0.8743310615724562, 0.888444718114705, 0.8768156569103907, 0.8608054669027322, 0.883757745993544, 0.9881072773539012, 0.9174982880109718, 0.860062623196443, 0.9164195473556451, 0.8613947411801283], [0.8792790230851328, 0.8959473114303906, 0.8889154609535728, 0.8626484907457993, 0.8869863588301021, 0.9869125425943431, 0.9230857927255458, 0.8581665118524286, 0.9126114378502553, 0.8599756115185743], [0.86872779820513, 0.892401488997941, 0.8830614790275814, 0.8689384839507239, 0.8903159578918329, 0.9859797115544168, 0.9184325501688205, 0.8592511440431503, 0.9065877623614762, 0.8582778960683153], [0.868511873596956, 0.8918677810331376, 0.8768503659265829, 0.8581005589647791, 0.8883275769818927, 0.9881506975784123, 0.9208428913727982, 0.8560193893913093, 0.9171892244384694, 0.8635012582421762], [0.8704062780661026, 0.8949300401875195, 0.8873756322567378, 0.8673215723009725, 0.8913510134739754, 0.9870958589008316, 0.927197879790484, 0.8603408814642218, 0.9060984797211611, 0.8569661095470733]], "F0": [[0.8757544671563685, 0.9024768787884336, 0.880520464654821, 0.8806706467529535, 0.8885372846829744, 0.9879670852263254, 0.9181821140248246, 0.8704559646597015, 0.9194424143327596, 0.864806508664197], [0.8807046667920503, 0.9012152383369851, 0.9006997821244439, 0.8715668838705468, 0.887452422745236, 0.9871355802909508, 0.9240144051223845, 0.8641447913570779, 0.9127964551355612, 0.8651937000542004], [0.8740775724567327, 0.9021331316026182, 0.8932979998454066, 0.876022792354033, 0.8922543551709126, 0.9852400815047823, 0.9207918557511989, 0.8680768595181722, 0.9087950100303855, 0.861372102637465], [0.8718822724272001, 0.8958564212210787, 0.8936270200478789, 0.8692181535305188, 0.8955569517911343, 0.9875167239129485, 0.9223535948970042, 0.8649403307065149, 0.9192508804178047, 0.8758043239097855], [0.8734676176358228, 0.894493971970337, 0.8910459373361721, 0.8684643767311299, 0.892570333726094, 0.9874445764461627, 0.9290824634539867, 0.8634097539343042, 0.9120095434861959, 0.8630677512019975]],