{"AUC": {"mean": 0.820193159883949, "SD": 0.041410306122598925}, "threshold": {"mean": 0.32792942762374877, "SD": 0.05389804684159923}, "acc": {"mean": 0.8524449270865653, "SD": 0.05765226181831761}, "Precision": {"mean": 0.8896812924950842, "SD": 0.03892879204445249}, "Recall": {"mean": 0.8524449270865653, "SD": 0.05765226181831761}, "F0.5": {"mean": 0.8797228943948443, "SD": 0.043559744445543655}, "F0": {"mean": 0.8896812924950842, "SD": 0.03892879204445249}, "F1": {"mean": 0.8668265503303018, "SD": 0.05034244504933945}}