{"AUC": [[0.8962591706190487, 0.9056630910750361, 0.7953391628561254, 0.8579768349153375, 0.8492517564517096, 0.800091460694209, 0.9087785649164052, 0.8661191140222944, 0.8846783219526164, 0.8933530807598615], [0.9007396284148854, 0.9045898381896992, 0.813468289838418, 0.8462194089545804, 0.8554518987149399, 0.7464464194870876, 0.9196455800452427, 0.8714336935921733, 0.8830150031174578, 0.8968565707489737], [0.8953258980758901, 0.8788700178280484, 0.8091268804981208, 0.8469908292506285, 0.8466730533869126, 0.7880099342317067, 0.9093438304770122, 0.8679649435649404, 0.8641062455132807, 0.89160500695611], [0.8875390292156319, 0.9013243425394756, 0.7945046193517895, 0.8488049820953238, 0.846202343649897, 0.7746726875124251, 0.9136151031933394, 0.8588849100055532, 0.8745713318685857, 0.8837240443760026], [0.8920231949939418, 0.8983527431975519, 0.8151964604115806, 0.8426167784445229, 0.8467170566452864, 0.7882373406037886, 0.9095317272637699, 0.8612026974261352, 0.8762958071970948, 0.8898395365808316]], "threshold": [[0.5901144742965698, 0.5153146386146545, 0.47511911392211914, 0.5569779276847839, 0.48343074321746826, 0.40761107206344604, 0.5622317790985107, 0.527878999710083, 0.5583884119987488, 0.5294153690338135], [0.5608268976211548, 0.5168336033821106, 0.4954463243484497, 0.4662584662437439, 0.5195510983467102, 0.33312419056892395, 0.47189566493034363, 0.5126513242721558, 0.5031411051750183, 0.5242184996604919], [0.49830418825149536, 0.5777390599250793, 0.4980652332305908, 0.538999617099762, 0.48723217844963074, 0.4418875575065613, 0.5682482719421387, 0.52198725938797, 0.5453638434410095, 0.5158884525299072], [0.5656095743179321, 0.5176988840103149, 0.4977957606315613, 0.46504056453704834, 0.4772099256515503, 0.3959237039089203, 0.5631887316703796, 0.5196802020072937, 0.5422213673591614, 0.5074557662010193], [0.5721464157104492, 0.5071938037872314, 0.4702179431915283, 0.5633928775787354, 0.4808642864227295, 0.4113500714302063, 0.5465829372406006, 0.5654662251472473, 0.4904111325740814, 0.5389066338539124]], "acc": [[0.8845795842382873, 0.8957493018926466, 0.8707725721377598, 0.8558796152652808, 0.8765125659323612, 0.9883648774433758, 0.9253800806701831, 0.8597579894508223, 0.9139000930809804, 0.8501396214706795], [0.8665839280173752, 0.8957493018926466, 0.857586099906919, 0.8153893887682283, 0.8758920260626746, 0.936704933291964, 0.9267762953769779, 0.8560347502327025, 0.9047471300031027, 0.8645671734408936], [0.8608439342227738, 0.8696866273658083, 0.8979211914365498, 0.8506050263729444, 0.8757368910952529, 0.9899162271175923, 0.9297238597579894, 0.8662736580825318, 0.9115730685696556, 0.8506050263729444], [0.863015823766677, 0.8828730995966491, 0.8779087806391561, 0.8439342227738132, 0.8665839280173752, 0.9880546075085325, 0.9273968352466646, 0.8496742165684146, 0.89605957182749, 0.8549488054607508], [0.8720136518771331, 0.8907849829351536, 0.8768228358672044, 0.8637914986037853, 0.8551039404281725, 0.9910021718895439, 0.9252249457027614, 0.8637914986037853, 0.9027303754266212, 0.8622401489295687]], "Precision": [[0.8810760478851312, 0.9031077634492098, 0.8855700044763434, 0.8792297406280641, 0.892811060922112, 0.9882257979895376, 0.9229406672561093, 0.8723509467552771, 0.9245787306612853, 0.8770341636518311], [0.8841582921893678, 0.9010014937408031, 0.9051728309045366, 0.8738292831869101, 0.8918327567293908, 0.9873830136168983, 0.9338318985872534, 0.8768309801967714, 0.92586728812012, 0.8802272677500201], [0.8782195488295659, 0.8976146016984012, 0.8945360635653076, 0.8812812291007249, 0.9004029332877079, 0.9854046264909256, 0.9255917493702717, 0.8758647777630657, 0.9146268801585513, 0.8732358977176391], [0.8794522327154682, 0.9014186116761944, 0.8898726735777649, 0.8713750397674075, 0.8989888944234223, 0.9876375144725141, 0.9276504015058697, 0.8684959835499976, 0.9216085760367616, 0.8771929940019665], [0.8764898880653524, 0.9039632378429047, 0.8971702374223073, 0.8702703730998855, 0.8982495596917125, 0.9878611740486866, 0.9300403522186014, 0.8713778555285834, 0.9204106748447821, 0.871833998154879]], "Recall": [[0.8845795842382873, 0.8957493018926466, 0.8707725721377598, 0.8558796152652808, 0.8765125659323612, 0.9883648774433758, 0.9253800806701831, 0.8597579894508223, 0.9139000930809804, 0.8501396214706795], [0.8665839280173752, 0.8957493018926466, 0.857586099906919, 0.8153893887682283, 0.8758920260626746, 0.936704933291964, 0.9267762953769779, 0.8560347502327025, 0.9047471300031027, 0.8645671734408936], [0.8608439342227738, 0.8696866273658083, 0.8979211914365498, 0.8506050263729444, 0.8757368910952529, 0.9899162271175923, 0.9297238597579894, 0.8662736580825318, 0.9115730685696556, 0.8506050263729444], [0.863015823766677, 0.8828730995966491, 0.8779087806391561, 0.8439342227738132, 0.8665839280173752, 0.9880546075085325, 0.9273968352466646, 0.8496742165684146, 0.89605957182749, 0.8549488054607508], [0.8720136518771331, 0.8907849829351536, 0.8768228358672044, 0.8637914986037853, 0.8551039404281725, 0.9910021718895439, 0.9252249457027614, 0.8637914986037853, 0.9027303754266212, 0.8622401489295687]], "F0.5": [[0.8816420508252328, 0.9014052373736694, 0.8822489927269437, 0.8733611799522756, 0.8889613278363973, 0.9882535512506699, 0.9233855724761086, 0.8693448497481263, 0.9221153830264422, 0.8693618283376482], [0.8793581090971166, 0.8998232274022275, 0.8932043258337218, 0.8572987922066516, 0.8880518039805164, 0.9764795542087228, 0.9321457580961162, 0.8714214878409932, 0.9206425972490809, 0.8760663389929764], [0.8734958489177375, 0.8904103232148041, 0.8951809554649012, 0.8733318269135313, 0.8942591660395471, 0.9861806792724978, 0.9262529845894669, 0.8736046266541116, 0.9139849338671363, 0.866945902662067], [0.8750349397049169, 0.8966548332527395, 0.8872556648751444, 0.8642636370226879, 0.8907656747999084, 0.9877203745082122, 0.9275992070405659, 0.8637503153729525, 0.9153563401838841, 0.8711772495119187], [0.8754773233479389, 0.9006645871959045, 0.8923963615783201, 0.8688482236920061, 0.8869697870914822, 0.9884006860216192, 0.9289585395921779, 0.8696469398664926, 0.9161446910063479, 0.8694948062297978]], "F0": [[0.8810760478851312, 0.9031077634492098, 0.8855700044763434, 0.8792297406280641, 0.892811060922112, 0.9882257979895376, 0.9229406672561093, 0.8723509467552771, 0.9245787306612853, 0.8770341636518311], [0.8841582921893678, 0.9010014937408031, 0.9051728309045366, 0.8738292831869101, 0.8918327567293908, 0.9873830136168983, 0.9338318985872534, 0.8768309801967714, 0.92586728812012, 0.8802272677500201], [0.8782195488295659, 0.8976146016984012, 0.8945360635653076, 0.8812812291007249, 0.9004029332877079, 0.9854046264909256, 0.9255917493702717, 0.8758647777630657, 0.9146268801585513, 0.8732358977176391], [0.8794522327154682, 0.9014186116761944, 0.8898726735777649, 0.8713750397674075, 0.8989888944234223, 0.9876375144725141, 0.9276504015058697, 0.8684959835499976, 0.9216085760367616, 0.8771929940019665], [0.8764898880653524, 0.9039632378429047, 0.8971702374223073, 0.8702703730998855, 0.8982495596917125, 0.9878611740486866, 0.9300403522186014, 0.8713778555285834, 0.9204106748447821, 0.871833998154879]],